{
    "args": {
        "address": {},
        "assert_contracts": null,
        "build_only": false,
        "bytecode_jsons": null,
        "bytecode_spec": null,
        "cache": "certora/harness/AStETHHarness.sol-certora/harness/DummyERC20A.sol-certora/harness/DummyERC20B.sol-certora/harness/IncentivesControllerMock.sol-certora/harness/SymbolicLendingPool.sol-optimisticTrue-iterNone",
        "check_args": false,
        "cloud": "production",
        "coinbaseMode": false,
        "contracts": [
            "IncentivesControllerMock",
            "DummyERC20A",
            "SymbolicLendingPool",
            "DummyERC20B",
            "AStETHHarness"
        ],
        "debug": null,
        "debug_topics": false,
        "delay_fetch_output_seconds": null,
        "disableLocalTypeChecking": false,
        "disable_auto_cache_key_gen": false,
        "env": "production",
        "expected_file": "expected.json",
        "file_paths": [
            "certora/harness/DummyERC20A.sol",
            "certora/harness/SymbolicLendingPool.sol",
            "certora/harness/DummyERC20B.sol",
            "certora/harness/AStETHHarness.sol",
            "certora/harness/IncentivesControllerMock.sol"
        ],
        "file_to_contract": {
            "certora/harness/AStETHHarness.sol": "AStETHHarness",
            "certora/harness/DummyERC20A.sol": "DummyERC20A",
            "certora/harness/DummyERC20B.sol": "DummyERC20B",
            "certora/harness/IncentivesControllerMock.sol": "IncentivesControllerMock",
            "certora/harness/SymbolicLendingPool.sol": "SymbolicLendingPool"
        },
        "files": [
            "certora/harness/AStETHHarness.sol",
            "certora/harness/DummyERC20A.sol",
            "certora/harness/DummyERC20B.sol",
            "certora/harness/IncentivesControllerMock.sol",
            "certora/harness/SymbolicLendingPool.sol"
        ],
        "internal_funcs": null,
        "jar": null,
        "java_args": null,
        "link": [
            "AStETHHarness:POOL=SymbolicLendingPool",
            "AStETHHarness:RESERVE_TREASURY_ADDRESS=DummyERC20B",
            "AStETHHarness:UNDERLYING_ASSET_ADDRESS=DummyERC20A",
            "AStETHHarness:_incentivesController=IncentivesControllerMock",
            "SymbolicLendingPool:Asset=DummyERC20A",
            "SymbolicLendingPool:aToken=AStETHHarness"
        ],
        "local": false,
        "log_branch": null,
        "log_query_frequency_seconds": null,
        "loop_iter": null,
        "max_attempts_to_fetch_output": null,
        "max_graph_depth": null,
        "max_poll_minutes": null,
        "method": null,
        "mode": "Mode.VERIFY",
        "msg": "AStETH  ",
        "multi_assert_check": false,
        "no_compare": false,
        "optimistic_loop": true,
        "optimize": null,
        "optimize_map": null,
        "packages": [
            "tmp-promise=/home/i/Desktop/Certora_Forked_AsTETH/aave-protocol-v2-AStETH/node_modules/tmp-promise"
        ],
        "packages_path": "/home/i/Desktop/Certora_Forked_AsTETH/aave-protocol-v2-AStETH/node_modules",
        "path": "/home/i/Desktop/Certora_Forked_AsTETH/aave-protocol-v2-AStETH/contracts",
        "process": "emv",
        "queue_wait_minutes": null,
        "rule": null,
        "rule_sanity": null,
        "send_only": false,
        "settings": [
            "-assumeUnwindCond",
            "-smt_nonLinearArithmetic=true"
        ],
        "short_output": false,
        "smt_timeout": null,
        "solc": "/home/i/.local/bin/solc",
        "solc_args": null,
        "solc_map": null,
        "spec_files": [
            "certora/specs/AStETH.spec"
        ],
        "staging": null,
        "struct_link": null,
        "tool_output": null,
        "typecheck_only": false,
        "user_defined_cache": false,
        "verified_contract_files": [
            "certora/harness/AStETHHarness.sol"
        ],
        "verify": [
            "AStETHHarness:certora/specs/AStETH.spec"
        ]
    },
    "branch": "feature/steth-on-prev-version",
    "conf": {
        "cache": "certora/harness/AStETHHarness.sol-certora/harness/DummyERC20A.sol-certora/harness/DummyERC20B.sol-certora/harness/IncentivesControllerMock.sol-certora/harness/SymbolicLendingPool.sol-optimisticTrue-iterNone",
        "cloud": "production",
        "files": [
            "certora/harness/AStETHHarness.sol",
            "certora/harness/DummyERC20A.sol",
            "certora/harness/DummyERC20B.sol",
            "certora/harness/IncentivesControllerMock.sol",
            "certora/harness/SymbolicLendingPool.sol"
        ],
        "link": [
            "AStETHHarness:POOL=SymbolicLendingPool",
            "AStETHHarness:RESERVE_TREASURY_ADDRESS=DummyERC20B",
            "AStETHHarness:UNDERLYING_ASSET_ADDRESS=DummyERC20A",
            "AStETHHarness:_incentivesController=IncentivesControllerMock",
            "SymbolicLendingPool:Asset=DummyERC20A",
            "SymbolicLendingPool:aToken=AStETHHarness"
        ],
        "msg": "AStETH  ",
        "optimistic_loop": true,
        "process": "emv",
        "settings": [
            "-smt_nonLinearArithmetic=true"
        ],
        "verify": [
            "AStETHHarness:certora/specs/AStETH.spec"
        ]
    },
    "cwd_relative": ".",
    "dirty": false,
    "origin": "https://github.com/i01001/aave-protocol-v2-AStETH.git",
    "raw_args": [
        "/home/i/.local/bin/certoraRun",
        "certora/harness/AStETHHarness.sol",
        "certora/harness/IncentivesControllerMock.sol",
        "certora/harness/SymbolicLendingPool.sol",
        "certora/harness/DummyERC20A.sol",
        "certora/harness/DummyERC20B.sol",
        "--verify",
        "AStETHHarness:certora/specs/AStETH.spec",
        "--link",
        "AStETHHarness:UNDERLYING_ASSET_ADDRESS=DummyERC20A",
        "AStETHHarness:POOL=SymbolicLendingPool",
        "AStETHHarness:_incentivesController=IncentivesControllerMock",
        "AStETHHarness:RESERVE_TREASURY_ADDRESS=DummyERC20B",
        "SymbolicLendingPool:aToken=AStETHHarness",
        "SymbolicLendingPool:Asset=DummyERC20A",
        "--optimistic_loop",
        "--settings",
        "-smt_nonLinearArithmetic=true",
        "--cloud",
        "--msg",
        "AStETH  "
    ],
    "revision": "e5e85877702c49c0182b36665f4405ac64a89dac",
    "timestamp": "1656566320.462941"
}